"id","code","acronym","name","subject_id:id"
"ems.outcome_0156_01RA","0156_01RA","RA1","Comprèn informació, d'índole professional i quotidiana, continguda en discursos orals senzills, emesos en llengua estàndard, desxifrant el contingut global del missatge, i relacionant-lo amb els recursos lingüístics corresponents.","ems.subject_0156"
"ems.outcome_0156_02RA","0156_02RA","RA2","Comprèn informació professional continguda en textos escrits senzills, analitzant de manera comprensiva el seu contingut.","ems.subject_0156"
"ems.outcome_0156_03RA","0156_03RA","RA3","Emet missatges orals senzills, clars i estructurats, participant com a agent actiu en converses professionals.","ems.subject_0156"
"ems.outcome_0156_04RA","0156_04RA","RA4","Redacta textos senzills en llengua estàndard, relacionant les regles gramaticals amb la seva finalitat.","ems.subject_0156"
"ems.outcome_0156_05RA","0156_05RA","RA5","Aplica actituds i comportaments professionals en situacions de comunicació, descrivint les relacions típiques característiques del país de la llengua estrangera.","ems.subject_0156"
"ems.outcome_0179_01RA","0179_01RA","RA1","Comprèn informació, d'índole professional, acadèmica i quotidiana, continguda en tota mena de discursos orals, emesos per qualsevol mitjà de comunicació en llengua estàndard, interpretant amb precisió el contingut del missatge.","ems.subject_0179"
"ems.outcome_0179_02RA","0179_02RA","RA2","Comprèn missatges escrits, de naturalesa professional, acadèmica i quotidiana, de relativa dificultat, analitzant de manera comprensiva el seu contingut.","ems.subject_0179"
"ems.outcome_0179_03RA","0179_03RA","RA3","Emet missatges orals clars i ben estructurats, analitzant el contingut de la situació i adaptant-se al registre lingüístic de l'interlocutor.","ems.subject_0179"
"ems.outcome_0179_04RA","0179_04RA","RA4","Redacta documents i informes, propis del sector o de la vida acadèmica i quotidiana, relacionant els recursos lingüístics amb el seu propòsit.","ems.subject_0179"
"ems.outcome_0179_05RA","0179_05RA","RA5","Aplica actituds i comportaments professionals en situacions de comunicació, descrivint les relacions típiques característiques del país de la llengua estrangera. mp_AGA0_Assitència a la direcció_v20240606 42/66","ems.subject_0179"
"ems.outcome_0180_01RA","0180_01RA","RA1","Reconeix informació professional i quotidiana continguda a discursos orals clars i senzills emesos en llengua estàndard, identificant el contingut global del missatge.","ems.subject_0180"
"ems.outcome_0180_02RA","0180_02RA","RA2","Interpreta informació professional continguda en textos senzills, analitzant de forma comprensiva els continguts.","ems.subject_0180"
"ems.outcome_0180_03RA","0180_03RA","RA3","Emet missatges orals senzills, clars i ben estructurats, relacionant el propòsit del missatge amb les estructures lingüístiques adquirides.","ems.subject_0180"
"ems.outcome_0180_04RA","0180_04RA","RA4","Elabora textos senzills, relacionant regles gramaticals amb el propòsit d’aquests.","ems.subject_0180"
"ems.outcome_0180_05RA","0180_05RA","RA5","Aplica actituds i comportaments professionals en situacions de comunicació, descrivint les relacions típiques característiques del país de la llengua estrangera.","ems.subject_0180"
"ems.outcome_0221_01RA","0221_01RA","RA1","Selecciona els components d’integració d’un equip microinformàtic estàndard, descrivint-ne les funcions i comparant-ne les prestacions de diferents fabricants.","ems.subject_0221"
"ems.outcome_0221_02RA","0221_02RA","RA2","Acobla un equip microinformàtic, interpretant-ne els plans i instruccions del fabricant, i aplicant-hi tècniques de muntatge.","ems.subject_0221"
"ems.outcome_0221_03RA","0221_03RA","RA3","Mesura paràmetres elèctrics, identificant el tipus de senyal i relacionant-la amb les seves unitats característiques.","ems.subject_0221"
"ems.outcome_0221_04RA","0221_04RA","RA4","Manté equips informàtics interpretant les recomanacions dels fabricants i relacionant les disfuncions amb les seves causes.","ems.subject_0221"
"ems.outcome_0221_05RA","0221_05RA","RA5","Instal·la programari en un equip informàtic utilitzant una imatge emmagatzemada en un suport de memòria i justificant el procediment a seguir.","ems.subject_0221"
"ems.outcome_0221_06RA","0221_06RA","RA6","Reconeix noves tendències en l’acoblament d’equips microinformàtics descrivint-ne els avantatges i adaptant-les a les característiques d’ús dels equips.","ems.subject_0221"
"ems.outcome_0221_07RA","0221_07RA","RA7","Manté perifèrics, interpretant-ne les recomanacions dels fabricants d'equips i relacionant-ne disfuncions amb les seves causes.","ems.subject_0221"
"ems.outcome_0221_08RA","0221_08RA","RA8","Compleix les normes de prevenció de riscos laborals i de protecció ambiental, identificant-ne els riscos associats, les mesures i equips per a prevenir-los.","ems.subject_0221"
"ems.outcome_0222_01RA","0222_01RA","RA1","Reconeix les característiques dels sistemes operatius, descrivint-ne els tipus i aplicacions.","ems.subject_0222"
"ems.outcome_0222_02RA","0222_02RA","RA2","Instal·la sistemes operatius, relacionant-ne les característiques amb el maquinari de l'equip i el programari d'aplicació.","ems.subject_0222"
"ems.outcome_0222_03RA","0222_03RA","RA3","Realitza tasques bàsiques de configuració de sistemes operatius, interpretant-ne requeriments i descrivint-ne els procediments seguits.","ems.subject_0222"
"ems.outcome_0222_04RA","0222_04RA","RA4","Realitza operacions bàsiques d'administració de sistemes operatius, interpretant requeriments i optimitzant el sistema per al seu ús.","ems.subject_0222"
"ems.outcome_0222_05RA","0222_05RA","RA5","Crea màquines virtuals identificant-ne el camp d'aplicació i instal·lant-hi programari específic.","ems.subject_0222"
"ems.outcome_0223_01RA","0223_01RA","RA1","Instal·la i actualitza aplicacions ofimàtiques, interpretant especificacions i descrivint els passos a seguir en el procés.","ems.subject_0223"
"ems.outcome_0223_02RA","0223_02RA","RA2","Elabora documents i plantilles, descrivint i aplicant les opcions avançades de processadors de textos.","ems.subject_0223"
"ems.outcome_0223_03RA","0223_03RA","RA3","Elabora documents i plantilles de càlcul, descrivint i aplicant opcions avançades de fulls de càlcul.","ems.subject_0223"
"ems.outcome_0223_04RA","0223_04RA","RA4","Elabora documents amb bases de dades ofimàtiques descrivint i aplicant operacions de manipulació de dades.","ems.subject_0223"
"ems.outcome_0223_05RA","0223_05RA","RA5","Manipula imatges digitals analitzant les possibilitats de diferents programes i aplicant tècniques de captura i edició bàsiques.","ems.subject_0223"
"ems.outcome_0223_06RA","0223_06RA","RA6","Manipula seqüències de vídeo analitzant les possibilitats de diferents programes i aplicant tècniques de captura i edició bàsiques.","ems.subject_0223"
"ems.outcome_0223_07RA","0223_07RA","RA7","Elabora presentacions multimèdia descrivint i aplicant normes bàsiques de composició i disseny.","ems.subject_0223"
"ems.outcome_0223_08RA","0223_08RA","RA8","Realitza operacions de gestió del correu i l'agenda electrònica, relacionant-ne les necessitats d'ús amb la seva configuració.","ems.subject_0223"
"ems.outcome_0223_09RA","0223_09RA","RA9","Aplica tècniques de suport en l'ús d'aplicacions, identificant i resolent incidències.","ems.subject_0223"
"ems.outcome_0224_01RA","0224_01RA","RA1","Instal·la sistemes operatius en xarxa descrivint-ne les característiques i interpretant-ne la documentació tècnica.","ems.subject_0224"
"ems.outcome_0224_02RA","0224_02RA","RA2","Gestiona usuaris i grups de sistemes operatius en xarxa, interpretant especificacions i aplicant eines del sistema.","ems.subject_0224"
"ems.outcome_0224_03RA","0224_03RA","RA3","Realitza tasques de gestió sobre dominis identificant necessitats i aplicant eines d'administració de dominis.","ems.subject_0224"
"ems.outcome_0224_04RA","0224_04RA","RA4","Gestiona els recursos compartits del sistema, interpretant especificacions i determinant nivells de seguretat.","ems.subject_0224"
"ems.outcome_0224_05RA","0224_05RA","RA5","Realitza tasques de monitoratge i ús del sistema operatiu en xarxa, descrivint les eines utilitzades i identificant les principals incidències.","ems.subject_0224"
"ems.outcome_0224_06RA","0224_06RA","RA6","Realitza tasques d'integració de sistemes operatius lliures i propietaris, descrivint els avantatges de compartir recursos i instal·lant programari específic.","ems.subject_0224"
"ems.outcome_0225_01RA","0225_01RA","RA1","Reconeix l'estructura de xarxes locals cablejades analitzant-ne les característiques d'entorns d'aplicació i descrivint-ne la funcionalitat dels seus components.","ems.subject_0225"
"ems.outcome_0225_02RA","0225_02RA","RA2","Desplega el cablejat d'una xarxa local interpretant-ne especificacions i aplicant-hi tècniques de muntatge.","ems.subject_0225"
"ems.outcome_0225_03RA","0225_03RA","RA3","Interconnecta equips en xarxes locals cablejades descrivint estàndards de cablejat i aplicant tècniques de muntatge de connectors.","ems.subject_0225"
"ems.outcome_0225_04RA","0225_04RA","RA4","Instal·la equips en xarxa, descrivint les seves prestacions i aplicant tècniques de muntatge.","ems.subject_0225"
"ems.outcome_0225_05RA","0225_05RA","RA5","Manté una xarxa local interpretant recomanacions dels fabricants de maquinari o programari i establint la relació entre disfuncions i les seves causes.","ems.subject_0225"
"ems.outcome_0225_06RA","0225_06RA","RA6","Compleix les normes de prevenció de riscos laborals i de protecció ambiental, identificant els riscos associats, les mesures i equips per a prevenir-los.","ems.subject_0225"
"ems.outcome_0226_01RA","0226_01RA","RA1","Aplica mesures de seguretat passiva en sistemes informàtics descrivint característiques d'entorns i relacionant-les amb les seves necessitats.","ems.subject_0226"
"ems.outcome_0226_02RA","0226_02RA","RA2","Gestiona dispositius d'emmagatzematge descrivint els procediments efectuats i aplicant tècniques per assegurar la integritat de la informació.","ems.subject_0226"
"ems.outcome_0226_03RA","0226_03RA","RA3","Aplica mecanismes de seguretat activa descrivint-ne les característiques i relacionant-les amb les necessitats d'ús del sistema informàtic.","ems.subject_0226"
"ems.outcome_0226_04RA","0226_04RA","RA4","Assegura la privadesa de la informació transmesa en xarxes informàtiques descrivint vulnerabilitats i instal·lant programari específic.","ems.subject_0226"
"ems.outcome_0226_05RA","0226_05RA","RA5","Reconeix la legislació i normativa sobre seguretat i protecció de dades analitzant-ne les repercussions de l’incompliment.","ems.subject_0226"
"ems.outcome_0227_01RA","0227_01RA","RA1","Instal·la serveis de configuració dinàmica, descrivint-ne les característiques i aplicacions.","ems.subject_0227"
"ems.outcome_0227_02RA","0227_02RA","RA2","Instal·la serveis de resolució de noms, descrivint-ne les característiques i aplicacions.","ems.subject_0227"
"ems.outcome_0227_03RA","0227_03RA","RA3","Instal·la serveis de transferència de fitxers, descrivint-ne les característiques i aplicacions.","ems.subject_0227"
"ems.outcome_0227_04RA","0227_04RA","RA4","Gestiona servidors de correu electrònic identificant-ne requeriments d'utilització i aplicant-hi criteris de configuració.","ems.subject_0227"
"ems.outcome_0227_05RA","0227_05RA","RA5","Gestiona servidors web identificant-ne requeriments d'utilització i aplicant-hi criteris de configuració.","ems.subject_0227"
"ems.outcome_0227_06RA","0227_06RA","RA6","Gestiona mètodes d'accés remot descrivint-ne les característiques i instal·lant-hi els serveis corresponents.","ems.subject_0227"
"ems.outcome_0227_07RA","0227_07RA","RA7","Desplega xarxes sense fils segures justificant la configuració triada i descrivint els procediments d'implantació.","ems.subject_0227"
"ems.outcome_0227_08RA","0227_08RA","RA8","Estableix l'accés des de xarxes locals a xarxes públiques identificant possibles escenaris i aplicant programari específic.","ems.subject_0227"
"ems.outcome_0228_01RA","0228_01RA","RA1","Instal·la gestors de continguts, identificant-ne les aplicacions i configurant-los segons requeriments.","ems.subject_0228"
"ems.outcome_0228_02RA","0228_02RA","RA2","Instal·la sistemes de gestió d'aprenentatge a distància, descrivint-ne l'estructura del lloc i la jerarquia de directoris generada.","ems.subject_0228"
"ems.outcome_0228_03RA","0228_03RA","RA3","Instal·la serveis de gestió d'arxius web, identificant-ne les aplicacions i verificant-ne la integritat.","ems.subject_0228"
"ems.outcome_0228_04RA","0228_04RA","RA4","Instal·la aplicacions d'ofimàtica web, descrivint-ne les característiques i entorns d'ús.","ems.subject_0228"
"ems.outcome_0228_05RA","0228_05RA","RA5","Instal·la aplicacions web d'escriptori, descrivint-ne les característiques i entorns d'ús.","ems.subject_0228"
"ems.outcome_0369_01RA","0369_01RA","RA1","Instal·la sistemes operatius, analitzant-ne les característiques i interpretant-ne la documentació tècnica.","ems.subject_0369"
"ems.outcome_0369_02RA","0369_02RA","RA2","Configura el programari de base, atenent les necessitats d’explotació del sistema informàtic.","ems.subject_0369"
"ems.outcome_0369_03RA","0369_03RA","RA3","Assegura la informació del sistema, descrivint els procediments i utilitzant còpies de seguretat i sistemes tolerants a errors.","ems.subject_0369"
"ems.outcome_0369_04RA","0369_04RA","RA4","Centralitza la informació en servidors administrant estructures de dominis i analitzant-ne els avantatges.","ems.subject_0369"
"ems.outcome_0369_05RA","0369_05RA","RA5","Administra l’accés a dominis analitzant i respectant requeriments de seguretat.","ems.subject_0369"
"ems.outcome_0369_06RA","0369_06RA","RA6","Detecta problemes de rendiment monitorant el sistema amb les eines adequades i documentant el procediment.","ems.subject_0369"
"ems.outcome_0369_07RA","0369_07RA","RA7","Audita la utilització i l’accés a recursos, identificant i respectant les necessitats de seguretat del sistema.","ems.subject_0369"
"ems.outcome_0369_08RA","0369_08RA","RA8","Implanta programari específic amb estructura client/servidor donant resposta als requisits funcionals.","ems.subject_0369"
"ems.outcome_0370_01RA","0370_01RA","RA1","Reconeix l’estructura de les xarxes de dades identificant-ne els elements i els principis de funcionament.","ems.subject_0370"
"ems.outcome_0370_02RA","0370_02RA","RA2","Integra ordinadors i perifèrics en xarxes cablejades i sense fils, avaluant-ne el funcionament i les prestacions.","ems.subject_0370"
"ems.outcome_0370_03RA","0370_03RA","RA3","Administra commutadors establint opcions de configuració per a la seva integració a la xarxa.","ems.subject_0370"
"ems.outcome_0370_04RA","0370_04RA","RA4","Administra les funcions bàsiques d’un encaminador (router) establint opcions de configuració per a la seva integració a la xarxa.","ems.subject_0370"
"ems.outcome_0370_05RA","0370_05RA","RA5","Configura xarxes locals virtuals identificant-ne el camp d’aplicació.","ems.subject_0370"
"ems.outcome_0370_06RA","0370_06RA","RA6","Realitza tasques avançades d’administració de xarxa analitzant i utilitzant protocols dinàmics d’encaminament.","ems.subject_0370"
"ems.outcome_0370_07RA","0370_07RA","RA7","Connecta xarxes privades a xarxes públiques identificant i aplicant diferents tecnologies.","ems.subject_0370"
"ems.outcome_0371_01RA","0371_01RA","RA1","Configura equips microinformàtics, components i perifèrics, analitzant-ne les seves característiques i la relació amb el conjunt.","ems.subject_0371"
"ems.outcome_0371_02RA","0371_02RA","RA2","Instal·la programari de propòsit general avaluant-ne les característiques i els entorns d’aplicació.","ems.subject_0371"
"ems.outcome_0371_03RA","0371_03RA","RA3","Executa procediments per recuperar el programari bàsic d’un equip, analitzant-los i utilitzant imatges emmagatzemades a memòria auxiliar.","ems.subject_0371"
"ems.outcome_0371_04RA","0371_04RA","RA4","Implanta maquinari específic de centres de processament de dades (CPD), analitzant-ne les característiques i aplicacions.","ems.subject_0371"
"ems.outcome_0371_05RA","0371_05RA","RA5","Compleix les normes de prevenció de riscos laborals i de protecció ambiental, identificant-ne els riscos associats, les mesures i els equips per prevenir-los.","ems.subject_0371"
"ems.outcome_0372_01RA","0372_01RA","RA1","Reconeix els elements de les bases de dades analitzant-ne les funcions i valorant la utilitat dels sistemes gestors.","ems.subject_0372"
"ems.outcome_0372_02RA","0372_02RA","RA2","Dissenya models lògics normalitzats interpretant diagrames d’entitat/relació.","ems.subject_0372"
"ems.outcome_0372_03RA","0372_03RA","RA3","Realitza el disseny físic de bases de dades utilitzant assistents, eines gràfiques i el llenguatge de definició de dades.","ems.subject_0372"
"ems.outcome_0372_04RA","0372_04RA","RA4","Consulta la informació emmagatzemada emprant assistents, eines gràfiques i el llenguatge de manipulació de dades.","ems.subject_0372"
"ems.outcome_0372_05RA","0372_05RA","RA5","Modifica la informació emmagatzemada emprant assistents, eines gràfiques i el llenguatge de manipulació de dades.","ems.subject_0372"
"ems.outcome_0372_06RA","0372_06RA","RA6","Executa tasques d’assegurament de la informació, analitzant-les i aplicant mecanismes de salvaguarda i transferència.","ems.subject_0372"
"ems.outcome_0372_07RA","0372_07RA","RA7","Gestiona la informació emmagatzemada en bases de dades no relacionals, avaluant-ne les característiques i aplicant tècniques de gestió.","ems.subject_0372"
"ems.outcome_0373_01RA","0373_01RA","RA1","Reconeix les característiques de llenguatges de marques analitzant i interpretant fragments de codi.","ems.subject_0373"
"ems.outcome_0373_02RA","0373_02RA","RA2","Utilitza llenguatges de marques per a la transmissió i presentació de informació a través del web analitzant l'estructura dels documents i identificant-ne els elements.","ems.subject_0373"
"ems.outcome_0373_03RA","0373_03RA","RA3","Accedeix i manipula documents web utilitzant llenguatges de guions de client.","ems.subject_0373"
"ems.outcome_0373_04RA","0373_04RA","RA4","Estableix mecanismes de validació de documents per a l'intercanvi d'informació utilitzant mètodes per definir-ne la sintaxi i l'estructura.","ems.subject_0373"
"ems.outcome_0373_05RA","0373_05RA","RA5","Realitza conversions sobre documents per a l'intercanvi de informació utilitzant tècniques, llenguatges i eines de processament.","ems.subject_0373"
"ems.outcome_0373_06RA","0373_06RA","RA6","Gestiona la informació en formats d'intercanvi de dades analitzant i utilitzant tecnologies d'emmagatzematge i llenguatges de consulta.","ems.subject_0373"
"ems.outcome_0373_07RA","0373_07RA","RA7","Efectua operacions amb sistemes empresarials de gestió d'informació realitzant tasques d'importació, integració, assegurament i extracció de la informació.","ems.subject_0373"
"ems.outcome_0374_01RA","0374_01RA","RA1","Administra el servei de directori interpretant-ne especificacions i integrant-lo en una xarxa.","ems.subject_0374"
"ems.outcome_0374_02RA","0374_02RA","RA2","Administra processos del sistema descrivint-los i aplicant criteris de seguretat i eficiència.","ems.subject_0374"
"ems.outcome_0374_03RA","0374_03RA","RA3","Gestiona l’automatització de tasques del sistema, aplicant-hi criteris d’eficiència i utilitzant comandes i eines gràfiques.","ems.subject_0374"
"ems.outcome_0374_04RA","0374_04RA","RA4","Administra de forma remota el sistema operatiu en xarxa valorant-ne la seva importància i aplicant-hi criteris de seguretat.","ems.subject_0374"
"ems.outcome_0374_05RA","0374_05RA","RA5","Administra servidors d’impressió descrivint-ne les funcions i integrant-los en una xarxa.","ems.subject_0374"
"ems.outcome_0374_06RA","0374_06RA","RA6","Integra sistemes operatius lliures i propietaris, justificant i garantint-ne la interoperabilitat.","ems.subject_0374"
"ems.outcome_0374_07RA","0374_07RA","RA7","Utilitza llenguatges de guions en sistemes operatius, descrivint-ne la seva aplicació i administrant serveis del sistema operatiu.","ems.subject_0374"
"ems.outcome_0375_01RA","0375_01RA","RA1","Administra serveis de resolució de noms, analitzant-los i garantint la seguretat del servei.","ems.subject_0375"
"ems.outcome_0375_02RA","0375_02RA","RA2","Administra serveis de configuració automàtica, identificant-los i verificant la correcta assignació dels paràmetres.","ems.subject_0375"
"ems.outcome_0375_03RA","0375_03RA","RA3","Administra servidors web aplicant criteris de configuració i assegurant el funcionament del servei.","ems.subject_0375"
"ems.outcome_0375_04RA","0375_04RA","RA4","Administra serveis de transferència fitxers assegurant i limitant l’accés a la informació.","ems.subject_0375"
"ems.outcome_0375_05RA","0375_05RA","RA5","Administra servidors de correu electrònic, aplicant criteris de configuració i garantitzant la seguretat del servei.","ems.subject_0375"
"ems.outcome_0375_06RA","0375_06RA","RA6","Administra serveis de missatgeria instantània, notícies i llistes de distribució, verificant i assegurant l’accés dels usuaris.","ems.subject_0375"
"ems.outcome_0375_07RA","0375_07RA","RA7","Administra serveis d’àudio identificant-ne les necessitats de distribució i adaptant els formats.","ems.subject_0375"
"ems.outcome_0375_08RA","0375_08RA","RA8","Administra serveis de vídeo identificant-ne les necessitats de distribució i adaptant els formats.","ems.subject_0375"
"ems.outcome_0376_01RA","0376_01RA","RA1","Prepara l’entorn de desenvolupament i els servidors d’aplicacions web instal·lant i integrant les funcionalitats necessàries.","ems.subject_0376"
"ems.outcome_0376_02RA","0376_02RA","RA2","Implanta gestors de continguts seleccionant-los i establint la configuració dels paràmetres.","ems.subject_0376"
"ems.outcome_0376_03RA","0376_03RA","RA3","Administra gestors de continguts adaptant-los als requeriments i garantint la integritat de la informació.","ems.subject_0376"
"ems.outcome_0376_04RA","0376_04RA","RA4","Gestiona aplicacions d’ofimàtica web integrant funcionalitats i assegurant l’accés a la informació.","ems.subject_0376"
"ems.outcome_0376_05RA","0376_05RA","RA5","Genera documents web utilitzant llenguatges de guions de servidor.","ems.subject_0376"
"ems.outcome_0376_06RA","0376_06RA","RA6","Genera documents web amb accés a bases de dades utilitzant llenguatges de guions de servidors.","ems.subject_0376"
"ems.outcome_0376_07RA","0376_07RA","RA7","Realitza modificacions en gestors de continguts adaptant-ne l’aparença i les funcionalitats.","ems.subject_0376"
"ems.outcome_0377_01RA","0377_01RA","RA1","Implanta sistemes gestors de bases de dades analitzant les característiques i ajustant-se als requeriments del sistema.","ems.subject_0377"
"ems.outcome_0377_02RA","0377_02RA","RA2","Configura el sistema gestor de bases de dades interpretant-ne les especificacions tècniques i els requisits d’explotació.","ems.subject_0377"
"ems.outcome_0377_03RA","0377_03RA","RA3","Implanta mètodes de control d’accés utilitzant assistents, eines gràfiques i comandes del llenguatge del sistema gestor.","ems.subject_0377"
"ems.outcome_0377_04RA","0377_04RA","RA4","Automatitza tasques d’administració del gestor descrivint-les i utilitzant guions de sentències.","ems.subject_0377"
"ems.outcome_0377_05RA","0377_05RA","RA5","Optimitza el rendiment del sistema aplicant tècniques de monitoratge i realitzant adaptacions.","ems.subject_0377"
"ems.outcome_0377_06RA","0377_06RA","RA6","Aplica criteris de disponibilitat analitzant-los i ajustant la configuració del sistema gestor.","ems.subject_0377"
"ems.outcome_0378_01RA","0378_01RA","RA1","Adopta pautes i pràctiques de tractament segur de la informació, reconeixent les vulnerabilitats d’un sistema informàtic i la necessitat d’assegurar-lo.","ems.subject_0378"
"ems.outcome_0378_02RA","0378_02RA","RA2","Implanta mecanismes de seguretat activa, seleccionant i executant contramesures davant d’amenaces o atacs al sistema.","ems.subject_0378"
"ems.outcome_0378_03RA","0378_03RA","RA3","Implanta tècniques segures d’accés remot a un sistema informàtic, interpretant i aplicant el pla de seguretat.","ems.subject_0378"
"ems.outcome_0378_04RA","0378_04RA","RA4","Implanta tallafocs per assegurar un sistema informàtic, analitzant les prestacions i controlant el trànsit cap a la xarxa interna.","ems.subject_0378"
"ems.outcome_0378_05RA","0378_05RA","RA5","Implanta servidors proxy, aplicant criteris de configuració que garanteixin el funcionament segur del servei.","ems.subject_0378"
"ems.outcome_0378_06RA","0378_06RA","RA6","Implanta solucions d’alta disponibilitat emprant tècniques de virtualització i configurant els entorns de prova.","ems.subject_0378"
"ems.outcome_0378_07RA","0378_07RA","RA7","Reconeix la legislació i normativa sobre seguretat i protecció de dades valorant-ne la seva importància.","ems.subject_0378"
"ems.outcome_0379_01RA","0379_01RA","RA1","Identifica necessitats del sector productiu, relacionant-les amb projectes tipus que puguin satisfer-les.","ems.subject_0379"
"ems.outcome_0379_02RA","0379_02RA","RA2","Dissenya projectes relacionats amb les competències expressades en el títol, desenvolupant-ne explícitament les fases que el componen.","ems.subject_0379"
"ems.outcome_0379_03RA","0379_03RA","RA3","Planifica l’execució del projecte, determinant-ne el pla d’intervenció i la documentació associada.","ems.subject_0379"
"ems.outcome_0379_04RA","0379_04RA","RA4","Defineix els procediments per al seguiment i control en l’execució del projecte, justificant la selecció de variables i instruments emprats.","ems.subject_0379"
"ems.outcome_0437_01RA","0437_01RA","RA1","Selecciona tècniques de comunicació, relacionant-les amb l'estructura i la imatge de l'empresa i els fluxos d'informació existents en aquesta.","ems.subject_0437"
"ems.outcome_0437_02RA","0437_02RA","RA2","Transmet informació de forma oral, vinculant-la als usos i costums socioprofessionals habituals a l'empresa.","ems.subject_0437"
"ems.outcome_0437_03RA","0437_03RA","RA3","Transmet informació escrita, aplicant les tècniques d'estil a diferents tipus de documents propis de l'empresa i de l'Administració Pública.","ems.subject_0437"
"ems.outcome_0437_04RA","0437_04RA","RA4","Arxiva informació en suport paper i informàtic, reconeixent els criteris deficiència i estalvi en els tràmits administratius.","ems.subject_0437"
"ems.outcome_0437_05RA","0437_05RA","RA5","Reconeix necessitats de possibles clients aplicant tècniques de comunicació.","ems.subject_0437"
"ems.outcome_0437_06RA","0437_06RA","RA6","Atén consultes, queixes i reclamacions de possibles clients aplicant la normativa vigent en matèria de consum.","ems.subject_0437"
"ems.outcome_0437_07RA","0437_07RA","RA7","Potencia la imatge d'empresa reconeixent i aplicant els elements i les eines del màrqueting.","ems.subject_0437"
"ems.outcome_0437_08RA","0437_08RA","RA8","Aplica procediments de qualitat a l'atenció al client identificant els estàndards establerts.","ems.subject_0437"
"ems.outcome_0438_01RA","0438_01RA","RA1","Calcula preus de venda i compra i descomptes aplicant les normes i els usos mercantils i la legislació fiscal vigent.","ems.subject_0438"
"ems.outcome_0438_02RA","0438_02RA","RA2","Confecciona documents administratius de les operacions de compravenda i els relaciona amb les transaccions comercials de l'empresa.","ems.subject_0438"
"ems.outcome_0438_03RA","0438_03RA","RA3","Liquida obligacions fiscals lligades a les operacions de compravenda aplicant la normativa fiscal vigent.","ems.subject_0438"
"ems.outcome_0438_04RA","0438_04RA","RA4","Controla existències reconeixent i aplicant sistemes de gestió de magatzem.","ems.subject_0438"
"ems.outcome_0438_05RA","0438_05RA","RA5","Tramita pagaments i cobraments reconeixent la documentació associada i el flux dins de l'empresa.","ems.subject_0438"
"ems.outcome_0439_01RA","0439_01RA","RA1","Descriu les característiques inherents a la innovació empresarial relacionant-les amb l'activitat de creació d'empreses.","ems.subject_0439"
"ems.outcome_0439_02RA","0439_02RA","RA2","Identifica el concepte d'empresa i empresari analitzant-ne la forma jurídica i la normativa a què està subjecte.","ems.subject_0439"
"ems.outcome_0439_03RA","0439_03RA","RA3","Analitza el sistema tributari espanyol reconeixent-ne les finalitats bàsiques així com les dels principals tributs.","ems.subject_0439"
"ems.outcome_0439_04RA","0439_04RA","RA4","Identifica les obligacions fiscals de l'empresa diferenciant els tributs a què està subjecta.","ems.subject_0439"
"ems.outcome_0439_05RA","0439_05RA","RA5","Identifica l'estructura funcional i jurídica de l'Administració pública, i reconeix els diferents organismes i persones que la integren.","ems.subject_0439"
"ems.outcome_0439_06RA","0439_06RA","RA6","Descriu els diferents tipus de relacions entre els administrats i l'Administració i les seves característiques completant documentació que en sorgeix. mp_AG10_Gestió administrativa_v20240606 13/60","ems.subject_0439"
"ems.outcome_0439_07RA","0439_07RA","RA7","Realitza gestions d'obtenció d'informació i presentació de documents davant de les administracions públiques identificant els diferents tipus de registres públics.","ems.subject_0439"
"ems.outcome_0440_01RA","0440_01RA","RA1","Processa textos alfanumèrics en un teclat extens aplicant les tècniques mecanogràfiques.","ems.subject_0440"
"ems.outcome_0440_02RA","0440_02RA","RA2","Instal·la i actualitza aplicacions informàtiques relacionades amb la tasca administrativa raonant els passos a seguir en el procés.","ems.subject_0440"
"ems.outcome_0440_03RA","0440_03RA","RA3","Elabora documents i plantilles manejant opcions del full de càlcul tipus.","ems.subject_0440"
"ems.outcome_0440_04RA","0440_04RA","RA4","Elabora documents de text utilitzant les opcions d'un processador de text tipus.","ems.subject_0440"
"ems.outcome_0440_05RA","0440_05RA","RA5","Realitza operacions de manipulació de dades en bases de dades ofimàtiques tipus.","ems.subject_0440"
"ems.outcome_0440_06RA","0440_06RA","RA6","Integra imatges digitals i seqüències de vídeo, utilitzant aplicacions tipus i perifèrics en documents de l'empresa.","ems.subject_0440"
"ems.outcome_0440_07RA","0440_07RA","RA7","Elabora presentacions multimèdia utilitzant aplicacions específiques.","ems.subject_0440"
"ems.outcome_0440_08RA","0440_08RA","RA8","Gestiona el correu i l'agenda electrònica fent servir aplicacions específiques.","ems.subject_0440"
"ems.outcome_0441_01RA","0441_01RA","RA1","Reconeix els elements que integren el patrimoni d'una organització econòmica classificant-los en masses patrimonials.","ems.subject_0441"
"ems.outcome_0441_02RA","0441_02RA","RA2","Reconeix la metodologia comptable analitzant la terminologia i els instruments comptables utilitzats a l'empresa.","ems.subject_0441"
"ems.outcome_0441_03RA","0441_03RA","RA3","Identifica el contingut bàsic del Pla General de Comptabilitat PIME (PGC-PIME) interpretant-ne l'estructura.","ems.subject_0441"
"ems.outcome_0441_04RA","0441_04RA","RA4","Classifica comptablement fets econòmics bàsics, aplicant la metodologia comptable i els criteris del Pla General de Comptabilitat PIME.","ems.subject_0441"
"ems.outcome_0441_05RA","0441_05RA","RA5","Realitza operacions de comptabilització mitjançant aplicacions informàtiques específiques valorant l'eficiència en la gestió del pla de comptes.","ems.subject_0441"
"ems.outcome_0442_01RA","0442_01RA","RA1","Realitza la tramitació administrativa dels processos de captació i selecció del personal descrivint la documentació associada. mp_AG10_Gestió administrativa_v20240606 23/60","ems.subject_0442"
"ems.outcome_0442_02RA","0442_02RA","RA2","Realitza la tramitació administrativa dels processos de formació, desenvolupament, compensació i beneficis dels treballadors reconeixent la documentació que s'hi genera.","ems.subject_0442"
"ems.outcome_0442_03RA","0442_03RA","RA3","Confecciona la documentació relativa al procés de contractació, variacions de la situació laboral i finalització de contracte, identificant i aplicant la normativa laboral en vigor.","ems.subject_0442"
"ems.outcome_0442_04RA","0442_04RA","RA4","Elabora la documentació corresponent al pagament de retribucions del personal, de cotització a la Seguretat Social i impostos inherents, reconeixent i aplicant la normativa vigent.","ems.subject_0442"
"ems.outcome_0442_05RA","0442_05RA","RA5","Elabora la documentació relativa a les incidències derivades de l'activitat laboral dels treballadors, descrivint i aplicant les normes establertes.","ems.subject_0442"
"ems.outcome_0442_06RA","0442_06RA","RA6","Aplica procediments de qualitat, prevenció de riscos laborals i protecció ambiental a les operacions administratives de recursos humans reconeixent-ne la incidència en un sistema integrat de gestió administrativa.","ems.subject_0442"
"ems.outcome_0443_01RA","0443_01RA","RA1","Prepara la documentació suport dels fets comptables interpretant la informació que conté.","ems.subject_0443"
"ems.outcome_0443_02RA","0443_02RA","RA2","Registra comptablement fets econòmics habituals reconeixent i aplicant la metodologia comptable i els criteris del Pla General de Comptabilitat PIME.","ems.subject_0443"
"ems.outcome_0443_03RA","0443_03RA","RA3","Comptabilitza operacions econòmiques habituals corresponents a un exercici econòmic complet, reconeixent i aplicant la metodologia comptable i els criteris del Pla de Comptabilitat.","ems.subject_0443"
"ems.outcome_0443_04RA","0443_04RA","RA4","Comprova els comptes relacionant cada registre comptable amb les dades dels documents suport.","ems.subject_0443"
"ems.outcome_0446_01RA","0446_01RA","RA1","Identifica les característiques del projecte d'empresa creada a l'aula i pren part a l'activitat que aquesta desenvolupa.","ems.subject_0446"
"ems.outcome_0446_02RA","0446_02RA","RA2","Transmet informació entre les diferents àrees i clients interns i externs de l'empresa creada a l'aula reconeixent i aplicant tècniques de comunicació.","ems.subject_0446"
"ems.outcome_0446_03RA","0446_03RA","RA3","Organitza informació explicant els diferents mètodes manuals i els sistemes informàtics previstos.","ems.subject_0446"
"ems.outcome_0446_04RA","0446_04RA","RA4","Elabora documentació administrativa, distingint i aplicant les tasques administratives de cadascun dels departaments de l'empresa.","ems.subject_0446"
"ems.outcome_0446_05RA","0446_05RA","RA5","5. Realitza les activitats derivades de la política comercial, identificant les funcions del departament de vendes i compres.","ems.subject_0446"
"ems.outcome_0446_06RA","0446_06RA","RA6","Atén incidències identificant criteris i procediments de resolució de problemes i de reclamacions.","ems.subject_0446"
"ems.outcome_0446_07RA","0446_07RA","RA7","Treballa en equip reconeixent i valorant les diferents aportacions de cadascun dels membres del grup.","ems.subject_0446"
"ems.outcome_0448_01RA","0448_01RA","RA1","Aplica mètodes de control de tresoreria descrivint-ne les fases.","ems.subject_0448"
"ems.outcome_0448_02RA","0448_02RA","RA2","Realitza els tràmits de contractació, renovació i cancel·lació corresponents a instruments financers bàsics de finançament, inversió i serveis d'aquesta índole que s'utilitzen a l'empresa, descrivint-ne la finalitat.","ems.subject_0448"
"ems.outcome_0448_03RA","0448_03RA","RA3","Efectua càlculs financers bàsics identificant i aplicant les lleis financeres corresponents.","ems.subject_0448"
"ems.outcome_0448_04RA","0448_04RA","RA4","Efectua les operacions bancàries bàsiques interpretant la documentació associada.","ems.subject_0448"
"ems.outcome_0483_01RA","0483_01RA","RA1","Avalua sistemes informàtics, identificant els seus components i característiques","ems.subject_0483"
"ems.outcome_0483_02RA","0483_02RA","RA2","Instal·la sistemes operatius planificant el procés i interpretant documentació tècnica.","ems.subject_0483"
"ems.outcome_0483_03RA","0483_03RA","RA3","Gestiona la informació del sistema identificant les estructures d'emmagatzematge i aplicant mesures per assegurar la integritat de les dades.","ems.subject_0483"
"ems.outcome_0483_04RA","0483_04RA","RA4","Gestiona sistemes operatius utilitzant comandes i eines gràfiques i avaluant les necessitats del sistema.","ems.subject_0483"
"ems.outcome_0483_05RA","0483_05RA","RA5","Interconnecta sistemes en xarxa configurant dispositius i protocols.","ems.subject_0483"
"ems.outcome_0483_06RA","0483_06RA","RA6","Treballa amb sistemes en xarxa gestionant-ne els recursos i identificant les restriccions de seguretat existents.","ems.subject_0483"
"ems.outcome_0483_07RA","0483_07RA","RA7","Elabora documentació valorant i utilitzant aplicacions informàtiques de propòsit general.","ems.subject_0483"
"ems.outcome_0484_01RA","0484_01RA","RA1","Reconeix els elements de les bases de dades analitzant-ne les funcions i valorant la utilitat dels sistemes gestors.","ems.subject_0484"
"ems.outcome_0484_02RA","0484_02RA","RA2","Crea bases de dades definint-ne l'estructura i les característiques dels elements segons el model relacional.","ems.subject_0484"
"ems.outcome_0484_03RA","0484_03RA","RA3","Consulta la informació emmagatzemada en una base de dades fent servir assistents, eines gràfiques i el llenguatge de manipulació de dades.","ems.subject_0484"
"ems.outcome_0484_04RA","0484_04RA","RA4","Modifica la informació emmagatzemada a la base de dades utilitzant assistents, eines gràfiques i el llenguatge de manipulació de dades.","ems.subject_0484"
"ems.outcome_0484_05RA","0484_05RA","RA5","Desenvolupa procediments emmagatzemats avaluant i utilitzant les sentències del llenguatge incorporat al sistema gestor de bases de dades.","ems.subject_0484"
"ems.outcome_0484_06RA","0484_06RA","RA6","Dissenya models relacionals normalitzats interpretant diagrames entitat/relació.","ems.subject_0484"
"ems.outcome_0484_07RA","0484_07RA","RA7","Gestiona la informació emmagatzemada en bases de dades no relacionals, avaluant i utilitzant les possibilitats que proporciona el sistema gestor.","ems.subject_0484"
"ems.outcome_0485_01RA","0485_01RA","RA1","Reconeix l'estructura d'un programa informàtic, identificant i relacionant els elements propis del llenguatge de programació utilitzat.","ems.subject_0485"
"ems.outcome_0485_02RA","0485_02RA","RA2","Escriu i prova programes senzills, reconeixent i aplicant els fonaments de la programació orientada a objectes.","ems.subject_0485"
"ems.outcome_0485_03RA","0485_03RA","RA3","Escriu i depura codi, analitzant i utilitzant les estructures de control del llenguatge.","ems.subject_0485"
"ems.outcome_0485_04RA","0485_04RA","RA4","Desenvolupa programes organitzats en classes analitzant i aplicant els principis de la programació orientada a objectes.","ems.subject_0485"
"ems.outcome_0485_05RA","0485_05RA","RA5","Realitza operacions d'entrada i sortida d'informació, utilitzant procediments específics del llenguatge i llibreries de classes.","ems.subject_0485"
"ems.outcome_0485_06RA","0485_06RA","RA6","Escriu programes que manipulin informació seleccionant i utilitzant tipus avançats de dades.","ems.subject_0485"
"ems.outcome_0485_07RA","0485_07RA","RA7","Desenvolupa programes aplicant característiques avançades dels llenguatges orientats a objectes i de l'entorn de programació.","ems.subject_0485"
"ems.outcome_0485_08RA","0485_08RA","RA8","Utilitza bases de dades orientades a objectes, analitzant-ne les característiques i aplicant tècniques per mantenir la persistència de la informació.","ems.subject_0485"
"ems.outcome_0485_09RA","0485_09RA","RA9","Gestiona informació emmagatzemada en bases de dades mantenint la integritat i consistència de les dades.","ems.subject_0485"
"ems.outcome_0486_01RA","0486_01RA","RA1","Desenvolupa aplicacions que gestionen informació emmagatzemada en fitxers identificant-ne el camp d'aplicació i utilitzant classes específiques.","ems.subject_0486"
"ems.outcome_0486_02RA","0486_02RA","RA2","Desenvolupa aplicacions que gestionen informació emmagatzemada en bases de dades relacionals identificant i utilitzant mecanismes de connexió.","ems.subject_0486"
"ems.outcome_0486_03RA","0486_03RA","RA3","Gestiona la persistència de les dades identificant eines de mapatge objecte relacional (ORM) i desenvolupant aplicacions que les utilitzen.","ems.subject_0486"
"ems.outcome_0486_04RA","0486_04RA","RA4","Desenvolupa aplicacions que gestionen la informació emmagatzemada en bases de dades objecte relacionals i orientades a objectes valorant-ne les característiques i utilitzant els mecanismes d'accés incorporats.","ems.subject_0486"
"ems.outcome_0486_05RA","0486_05RA","RA5","Desenvolupa aplicacions que gestionen la informació emmagatzemada en bases de dades documentals natives avaluant i utilitzant classes específiques.","ems.subject_0486"
"ems.outcome_0486_06RA","0486_06RA","RA6","Programa components d'accés a dades identificant les característiques que ha de posseir un component i utilitzant eines de desenvolupament.","ems.subject_0486"
"ems.outcome_0487_01RA","0487_01RA","RA1","Reconeix els elements i les eines que intervenen en el desenvolupament d'un programa informàtic, analitzant-ne les característiques i les fases en què actuen fins a arribar a la posada en funcionament.","ems.subject_0487"
"ems.outcome_0487_02RA","0487_02RA","RA2","Avalua entorns integrats de desenvolupament analitzant-ne les característiques per editar codi font i generar executables.","ems.subject_0487"
"ems.outcome_0487_03RA","0487_03RA","RA3","Verifica el funcionament de programes dissenyant i realitzant proves.","ems.subject_0487"
"ems.outcome_0487_04RA","0487_04RA","RA4","Optimitza codi utilitzant les eines disponibles a l'entorn de desenvolupament.","ems.subject_0487"
"ems.outcome_0487_05RA","0487_05RA","RA5","Genera diagrames de classes valorant-ne la importància en el desenvolupament d'aplicacions i emprant eines específiques.","ems.subject_0487"
"ems.outcome_0487_06RA","0487_06RA","RA6","Genera diagrames de comportament valorant-ne la importància en el desenvolupament d'aplicacions i emprant eines específiques.","ems.subject_0487"
"ems.outcome_0488_01RA","0488_01RA","RA1","Genera interfícies gràfiques d'usuari mitjançant editors visuals utilitzant les funcionalitats de l'editor i adaptant el codi generat.","ems.subject_0488"
"ems.outcome_0488_02RA","0488_02RA","RA2","Genera interfícies naturals d'usuari utilitzant eines visuals.","ems.subject_0488"
"ems.outcome_0488_03RA","0488_03RA","RA3","Crea components visuals valorant i emprant eines específiques.","ems.subject_0488"
"ems.outcome_0488_04RA","0488_04RA","RA4","Dissenya interfícies gràfiques identificant i aplicant criteris d'usabilitat i accessibilitat.","ems.subject_0488"
"ems.outcome_0488_05RA","0488_05RA","RA5","Crea informes avaluant i utilitzant eines gràfiques.","ems.subject_0488"
"ems.outcome_0488_06RA","0488_06RA","RA6","Documenta aplicacions seleccionant i utilitzant eines específiques.","ems.subject_0488"
"ems.outcome_0488_07RA","0488_07RA","RA7","Prepara aplicacions per a la distribució avaluant i utilitzant eines específiques.","ems.subject_0488"
"ems.outcome_0488_08RA","0488_08RA","RA8","Avalua el funcionament d'aplicacions dissenyant i executant proves.","ems.subject_0488"
"ems.outcome_0489_01RA","0489_01RA","RA1","Aplica tecnologies de desenvolupament per a dispositius mòbils avaluant-ne les característiques i capacitats.","ems.subject_0489"
"ems.outcome_0489_02RA","0489_02RA","RA2","Desenvolupa aplicacions per a dispositius mòbils analitzant i emprant les tecnologies i llibreries específiques.","ems.subject_0489"
"ems.outcome_0489_03RA","0489_03RA","RA3","Desenvolupa programes que integren continguts multimèdia analitzant i emprant les tecnologies i llibreries específiques.","ems.subject_0489"
"ems.outcome_0489_04RA","0489_04RA","RA4","Selecciona i prova motors de jocs analitzant l'arquitectura de jocs 2D i 3D.","ems.subject_0489"
"ems.outcome_0489_05RA","0489_05RA","RA5","Desenvolupa jocs 2D i 3D senzills utilitzant motors de jocs.","ems.subject_0489"
"ems.outcome_0490_01RA","0490_01RA","RA1","Desenvolupa aplicacions compostes per diversos processos reconeixent i aplicant principis de programació paral·lela.","ems.subject_0490"
"ems.outcome_0490_02RA","0490_02RA","RA2","Desenvolupa aplicacions compostes per diversos fils d'execució analitzant i aplicant llibreries específiques del llenguatge de programació.","ems.subject_0490"
"ems.outcome_0490_03RA","0490_03RA","RA3","Programa mecanismes de comunicació en xarxa emprant sockets i analitzant l'escenari d'execució.","ems.subject_0490"
"ems.outcome_0490_04RA","0490_04RA","RA4","Desenvolupa aplicacions que ofereixen serveis en xarxa, utilitzant llibreries de classes i aplicant criteris d'eficiència i disponibilitat.","ems.subject_0490"
"ems.outcome_0490_05RA","0490_05RA","RA5","Protegeix les aplicacions i les dades definint i aplicant criteris de seguretat en l'accés, l'emmagatzematge i la transmissió de la informació.","ems.subject_0490"
"ems.outcome_0491_01RA","0491_01RA","RA1","Identifica sistemes de planificació de recursos empresarials i de gestió de relacions amb clients (ERP-CRM) reconeixent-ne les característiques i verificant la configuració del sistema informàtic.","ems.subject_0491"
"ems.outcome_0491_02RA","0491_02RA","RA2","Implanta sistemes ERP-CRM interpretant la documentació tècnica i identificant les diferents opcions i mòduls.","ems.subject_0491"
"ems.outcome_0491_03RA","0491_03RA","RA3","Realitza operacions de gestió, consulta i anàlisi de la informació seguint les especificacions de disseny i utilitzant les eines proporcionades pels sistemes ERP-CRM.","ems.subject_0491"
"ems.outcome_0491_04RA","0491_04RA","RA4","Adapta sistemes ERP-CRM identificant els requeriments d'un supòsit empresarial i utilitzant les eines proporcionades per aquests.","ems.subject_0491"
"ems.outcome_0491_05RA","0491_05RA","RA5","Desenvolupa components per a un sistema ERP-CRM analitzant i utilitzant el llenguatge de programació incorporat.","ems.subject_0491"
"ems.outcome_0492_01RA","0492_01RA","RA1","Identifica necessitats del sector productiu, relacionant-les amb projectes tipus que les puguin satisfer.","ems.subject_0492"
"ems.outcome_0492_02RA","0492_02RA","RA2","Dissenya projectes relacionats amb les competències expressades al títol, desenvolupant explícitament les fases que el componen.","ems.subject_0492"
"ems.outcome_0492_03RA","0492_03RA","RA3","Planifica l'execució del projecte, determinant el pla d'intervenció i la documentació associada.","ems.subject_0492"
"ems.outcome_0492_04RA","0492_04RA","RA4","Defineix els procediments per al seguiment i el control en l'execució del projecte, justificant la selecció de variables i instruments emprats.","ems.subject_0492"
"ems.outcome_0612_01RA","0612_01RA","RA1","Selecciona les arquitectures i tecnologies de programació sobre clients web, identificant i analitzant les capacitats i les característiques de cadascuna.","ems.subject_0612"
"ems.outcome_0612_02RA","0612_02RA","RA2","Escriu sentències simples, aplicant la sintaxi del llenguatge i verificant la seva execució sobre navegadors web.","ems.subject_0612"
"ems.outcome_0612_03RA","0612_03RA","RA3","Escriu codi, identificant i aplicant les funcionalitats aportades pels objectes predefinits del llenguatge.","ems.subject_0612"
"ems.outcome_0612_04RA","0612_04RA","RA4","Programa codi per a clients web analitzant i utilitzant estructures definides per l’usuari.","ems.subject_0612"
"ems.outcome_0612_05RA","0612_05RA","RA5","Desenvolupa aplicacions web interactives integrant mecanismes de maneig d'esdeveniments.","ems.subject_0612"
"ems.outcome_0612_06RA","0612_06RA","RA6","Desenvolupa aplicacions web analitzant i aplicant les característiques del model d'objectes del document.","ems.subject_0612"
"ems.outcome_0612_07RA","0612_07RA","RA7","Desenvolupa aplicacions web dinàmiques, reconeixent i aplicant mecanismes de comunicació asíncrona entre client i servidor.","ems.subject_0612"
"ems.outcome_0613_01RA","0613_01RA","RA1","Selecciona les arquitectures i tecnologies de programació web en entorn servidor, analitzant les capacitats i característiques pròpies.","ems.subject_0613"
"ems.outcome_0613_02RA","0613_02RA","RA2","Escriu sentències executables per un servidor web reconeixent i aplicant procediments d’integració del codi en llenguatges de marques.","ems.subject_0613"
"ems.outcome_0613_03RA","0613_03RA","RA3","Escriu blocs de sentències embeguts en llenguatges de marques, seleccionant i utilitzant les estructures de programació.","ems.subject_0613"
"ems.outcome_0613_04RA","0613_04RA","RA4","Desenvolupa aplicacions web embegudes en llenguatges de marques analitzant i incorporant funcionalitats segons especificacions.","ems.subject_0613"
"ems.outcome_0613_05RA","0613_05RA","RA5","Desenvolupa aplicacions web identificant i aplicant mecanismes per separar el codi de presentació de la lògica de negoci.","ems.subject_0613"
"ems.outcome_0613_06RA","0613_06RA","RA6","Desenvolupa aplicacions web d'accés a magatzems de dades, aplicant mesures per mantenir la seguretat i la integritat de la informació.","ems.subject_0613"
"ems.outcome_0613_07RA","0613_07RA","RA7","Desenvolupa serveis web reutilitzables i accessibles mitjançant protocols web, verificant-ne el funcionament.","ems.subject_0613"
"ems.outcome_0613_08RA","0613_08RA","RA8","Genera pàgines web dinàmiques analitzant i utilitzant tecnologies i frameworks del servidor web que afegeixin codi al llenguatge de marques.","ems.subject_0613"
"ems.outcome_0613_09RA","0613_09RA","RA9","3.23Reconeix els avantatges d'unir les dues tecnologies en el procés de desenvolupament de programes. 3.24Identifica les tecnologies i els frameworks relacionats amb la generació per part del servidor de pàgines web amb guions embeguts. 3.25Utilitza aquestes tecnologies i frameworks per a generar pàgines web que incloguin interacció amb l'usuari. 3.26Utilitza aquestes tecnologies i frameworks per a generar pàgines web que incloguin verificació de formularis. 3.27Utilitza aquestes tecnologies i frameworks per a generar pàgines web que incloguin modificació dinàmica del seu contingut i la seva estructura. 3.28Aplica aquestes tecnologies i frameworks en la programació d'aplicacions web. 4Desenvolupa aplicacions web híbrides seleccionant i utilitzant tecnologies, frameworks servidor i repositoris heterogenis d'informació.","ems.subject_0613"
"ems.outcome_0614_01RA","0614_01RA","RA1","Implanta arquitectures web analitzant i aplicant criteris de funcionalitat.","ems.subject_0614"
"ems.outcome_0614_02RA","0614_02RA","RA2","Implanta aplicacions web en servidors web, avaluant i aplicant criteris de configuració per al funcionament segur.","ems.subject_0614"
"ems.outcome_0614_03RA","0614_03RA","RA3","Implanta aplicacions web en servidors d'aplicacions, avaluant i aplicant criteris de configuració per al funcionament segur.","ems.subject_0614"
"ems.outcome_0614_04RA","0614_04RA","RA4","Administra servidors de transferència de fitxers, avaluant i aplicant criteris de configuració que garanteixin la disponibilitat del servei.","ems.subject_0614"
"ems.outcome_0614_05RA","0614_05RA","RA5","Verifica l'execució d'aplicacions web comprovant els paràmetres de configuració de serveis de xarxa.","ems.subject_0614"
"ems.outcome_0614_06RA","0614_06RA","RA6","Elabora la documentació de l’aplicació web avaluant i seleccionant eines de generació de documentació, control de versions i d’integració contínua.","ems.subject_0614"
"ems.outcome_0615_01RA","0615_01RA","RA1","Planifica la creació d'una interfície web valorant i aplicant especificacions de disseny.","ems.subject_0615"
"ems.outcome_0615_02RA","0615_02RA","RA2","Crea interfícies web homogènies definint i aplicant estils.","ems.subject_0615"
"ems.outcome_0615_03RA","0615_03RA","RA3","Prepara arxius multimèdia per al web, analitzant-ne les característiques i manejant eines específiques.","ems.subject_0615"
"ems.outcome_0615_04RA","0615_04RA","RA4","Integra contingut multimèdia en documents web valorant la seva aportació i seleccionant adequadament els elements interactius.","ems.subject_0615"
"ems.outcome_0615_05RA","0615_05RA","RA5","Desenvolupa interfícies web accessibles, analitzant les pautes establertes i aplicant-hi tècniques de verificació.","ems.subject_0615"
"ems.outcome_0615_06RA","0615_06RA","RA6","Desenvolupa interfícies web amigables analitzant i aplicant les pautes d'usabilitat establertes.","ems.subject_0615"
"ems.outcome_0616_01RA","0616_01RA","RA1","Identifica necessitats del sector productiu, relacionant-les amb projectes tipus que les puguin satisfer.","ems.subject_0616"
"ems.outcome_0616_02RA","0616_02RA","RA2","Dissenya projectes relacionats amb les competències expressades al títol, desenvolupant explícitament les fases que el componen.","ems.subject_0616"
"ems.outcome_0616_03RA","0616_03RA","RA3","Planifica l'execució del projecte, determinant el pla d'intervenció i la documentació associada.","ems.subject_0616"
"ems.outcome_0616_04RA","0616_04RA","RA4","Defineix els procediments per al seguiment i el control en l'execució del projecte, justificant la selecció de variables i instruments emprats.","ems.subject_0616"
"ems.outcome_0647_01RA","0647_01RA","RA1","Caracteritza l'estructura i organització de les administracions públiques establertes en la Constitució espanyola i la UE, reconeixent els organismes, institucions i persones que les integren.","ems.subject_0647"
"ems.outcome_0647_02RA","0647_02RA","RA2","Actualitza periòdicament la informació jurídica requerida per l'activitat empresarial, seleccionant la legislació i jurisprudència relacionada amb l'organització.","ems.subject_0647"
"ems.outcome_0647_03RA","0647_03RA","RA3","Organitza els documents jurídics relatius a la constitució i funcionament de les entitats, complint la normativa civil i mercantil vigent segons les directrius definides.","ems.subject_0647"
"ems.outcome_0647_04RA","0647_04RA","RA4","Emplena els models de contractació privats més habituals en l’àmbit empresarial o documents de fe pública, aplicant la normativa vigent i els mitjans informàtics disponibles per a la seva presentació i signatura.","ems.subject_0647"
"ems.outcome_0647_05RA","0647_05RA","RA5","Elabora la documentació requerida pels organismes públics relatius als diferents procediments administratius, complint amb la legislació vigent i les directrius definides.","ems.subject_0647"
"ems.outcome_0648_01RA","0648_01RA","RA1","Caracteritza l’empresa com una comunitat de persones, distingint les implicacions ètiques del seu comportament respecte als implicats en aquesta.","ems.subject_0648"
"ems.outcome_0648_02RA","0648_02RA","RA2","Contrasta l'aplicació dels principis de responsabilitat social corporativa en les polítiques de desenvolupament dels recursos humans de les empreses, valorant la seva adequació a les bones pràctiques validades internacionalment.","ems.subject_0648"
"ems.outcome_0648_03RA","0648_03RA","RA3","Coordina els fluxos d’informació del departament de recursos humans a través de l’organització, aplicant habilitats personals i socials en processos de gestió de recursos humans.","ems.subject_0648"
"ems.outcome_0648_04RA","0648_04RA","RA4","Aplica els procediments administratius relatius a la selecció de recursos humans, triant els mètodes i instruments més adequats a la política de cada organització.","ems.subject_0648"
"ems.outcome_0648_05RA","0648_05RA","RA5","Gestiona els procediments administratius relatius a la formació, promoció i desenvolupament de recursos humans, designant els mètodes i instruments més adients.","ems.subject_0648"
"ems.outcome_0649_01RA","0649_01RA","RA1","Manté en condicions òptimes de funcionament els equips, aplicacions i xarxa, instal·lant i actualitzant els components de maquinari i programari necessaris.","ems.subject_0649"
"ems.outcome_0649_02RA","0649_02RA","RA2","Escriu textos alfanumèrics en un teclat estès, aplicant-hi les tècniques mecanogràfiques.","ems.subject_0649"
"ems.outcome_0649_03RA","0649_03RA","RA3","Gestiona els sistemes d'arxius, cercant i seleccionant amb mitjans convencionals i informàtics la informació necessària.","ems.subject_0649"
"ems.outcome_0649_04RA","0649_04RA","RA4","Elabora fulls de càlcul adaptats a les necessitats que es plantegin en el tractament de la informació, aplicant les opcions avançades.","ems.subject_0649"
"ems.outcome_0649_05RA","0649_05RA","RA5","Elabora documents de textos utilitzant les opcions avançades d'un processador de textos.","ems.subject_0649"
"ems.outcome_0649_06RA","0649_06RA","RA6","Utilitza sistemes de gestió de bases de dades adaptades a les necessitats que es plantegen en el tractament de la informació administrativa, aplicant les opcions avançades.","ems.subject_0649"
"ems.outcome_0649_07RA","0649_07RA","RA7","Gestiona integradament la informació provinent de diferents aplicacions així com arxius audiovisuals, utilitzant programes i perifèrics específics.","ems.subject_0649"
"ems.outcome_0649_08RA","0649_08RA","RA8","Gestiona el correu i l’agenda electrònica, utilitzant aplicacions específiques.","ems.subject_0649"
"ems.outcome_0649_09RA","0649_09RA","RA9","Elabora presentacions multimèdia de documents i informes, utilitzant aplicacions específiques.","ems.subject_0649"
"ems.outcome_0650_01RA","0650_01RA","RA1","Determina els elements patrimonials de l'empresa, analitzant l'activitat empresarial.","ems.subject_0650"
"ems.outcome_0650_02RA","0650_02RA","RA2","Integra la normativa comptable i el mètode de la partida doble, analitzant el PGC PIME i la metodologia comptable.","ems.subject_0650"
"ems.outcome_0650_03RA","0650_03RA","RA3","Gestiona la informació sobre tributs que afecten o graven l'activitat comercial de l'empresa, seleccionant i aplicant la normativa mercantil i fiscal vigent.","ems.subject_0650"
"ems.outcome_0650_04RA","0650_04RA","RA4","Elabora i organitza la documentació administrativa de les operacions de compravenda, relacionant-la amb les transaccions comercials de l'empresa.","ems.subject_0650"
"ems.outcome_0650_05RA","0650_05RA","RA5","Determina els tràmits de la gestió de cobraments i pagaments, analitzant la documentació associada i el seu flux dins de l'empresa.","ems.subject_0650"
"ems.outcome_0650_06RA","0650_06RA","RA6","Registra els fets comptables bàsics derivats de l'activitat comercial i dins d'un cicle econòmic, aplicant la metodologia comptable i els principis i normes del PGC.","ems.subject_0650"
"ems.outcome_0650_07RA","0650_07RA","RA7","Efectua la gestió i el control de la tresoreria, utilitzant aplicacions informàtiques.","ems.subject_0650"
"ems.outcome_0651_01RA","0651_01RA","RA1","Caracteritza les tècniques de comunicació institucional i promocional, distingint entre internes i externes.","ems.subject_0651"
"ems.outcome_0651_02RA","0651_02RA","RA2","Realitza comunicacions orals presencials i no presencials, aplicant les tècniques i adaptant-les a la situació i a l’interlocutor.","ems.subject_0651"
"ems.outcome_0651_03RA","0651_03RA","RA3","Supervisa i elabora documents escrits de caràcter professional, aplicant criteris lingüístics, ortogràfics i d'estil.","ems.subject_0651"
"ems.outcome_0651_04RA","0651_04RA","RA4","Determina els processos de recepció, registre, distribució i recuperació de comunicacions escrites, aplicant criteris específics de cadascuna d'aquestes tasques.","ems.subject_0651"
"ems.outcome_0651_05RA","0651_05RA","RA5","Aplica tècniques de comunicació, identificant les més adequades en la relació i atenció als clients/usuaris.","ems.subject_0651"
"ems.outcome_0651_06RA","0651_06RA","RA6","Gestiona consultes, queixes i reclamacions de possibles clients, aplicant la normativa vigent.","ems.subject_0651"
"ems.outcome_0651_07RA","0651_07RA","RA7","Organitza el servei postvenda, relacionant-lo amb la fidelització del client.","ems.subject_0651"
"ems.outcome_0652_01RA","0652_01RA","RA1","Gestiona la documentació que genera el procés de contractació, aplicant la normativa vigent.","ems.subject_0652"
"ems.outcome_0652_02RA","0652_02RA","RA2","Programa les tasques administratives corresponents a la modificació, suspensió i extinció del contracte de treball, aplicant la normativa vigent i complimentant la documentació aparellada.","ems.subject_0652"
"ems.outcome_0652_03RA","0652_03RA","RA3","Caracteritza les obligacions administratives de l'empresari amb la Seguretat Social, aplicant tramitant la documentació i realitzant els càlculs procedents. mp_AGB0_Administració i finances_v20240606 27/72","ems.subject_0652"
"ems.outcome_0652_04RA","0652_04RA","RA4","Confecciona els documents derivats del procés de retribució de recursos humans i les obligacions de pagament, aplicant la normativa vigent.","ems.subject_0652"
"ems.outcome_0653_01RA","0653_01RA","RA1","Determina les necessitats financeres i els ajuts econòmics òptims per a l'empresa, identificant les alternatives possibles.","ems.subject_0653"
"ems.outcome_0653_02RA","0653_02RA","RA2","Classifica els productes i serveis financers, analitzant les seves característiques i formes de contractació.","ems.subject_0653"
"ems.outcome_0653_03RA","0653_03RA","RA3","Avalua productes i serveis financers del mercat, fent els càlculs i elaborant els informes oportuns.","ems.subject_0653"
"ems.outcome_0653_04RA","0653_04RA","RA4","Caracteritza la tipologia d'assegurances, analitzant l'activitat asseguradora.","ems.subject_0653"
"ems.outcome_0653_05RA","0653_05RA","RA5","Selecciona inversions en actius financers o econòmics, analitzant les seves característiques i realitzant els càlculs oportuns.","ems.subject_0653"
"ems.outcome_0653_06RA","0653_06RA","RA6","Integra els pressupostos parcials de les àrees funcionals i/o territorials de l'empresa/organització, verificant la informació que contenen.","ems.subject_0653"
"ems.outcome_0654_01RA","0654_01RA","RA1","Comptabilitza en suport informàtic els fets comptables derivats de les operacions de transcendència economicofinancera d'una empresa, complint els criteris establerts al Pla General de Comptabilitat (PGC).","ems.subject_0654"
"ems.outcome_0654_02RA","0654_02RA","RA2","Realitza la tramitació de les obligacions fiscals i comptables relatives a l'impost de societats i l'impost sobre la renda de les persones físiques, aplicant la normativa de caràcter mercantil i fiscal vigent.","ems.subject_0654"
"ems.outcome_0654_03RA","0654_03RA","RA3","Registra comptablement les operacions derivades de la fi de l'exercici econòmic a partir de la informació i la documentació d'un cicle econòmic complet, aplicant els criteris del PGC i la legislació vigent.","ems.subject_0654"
"ems.outcome_0654_04RA","0654_04RA","RA4","Confecciona els comptes anuals i verifica els tràmits per al seu dipòsit al Registre Mercantil, aplicant la legislació mercantil vigent.","ems.subject_0654"
"ems.outcome_0654_05RA","0654_05RA","RA5","Elabora informes d'anàlisi sobre la situació economicofinancera i patrimonial d’una empresa, interpretant els estats comptables.","ems.subject_0654"
"ems.outcome_0654_06RA","0654_06RA","RA6","Caracteritza el procés d'auditoria a l'empresa, descrivint-ne el propòsit dins del marc normatiu espanyol.","ems.subject_0654"
"ems.outcome_0655_01RA","0655_01RA","RA1","Elabora plans d'aprovisionament, analitzant informació de les diferents àrees de l'organització o l'empresa.","ems.subject_0655"
"ems.outcome_0655_02RA","0655_02RA","RA2","Realitza processos de selecció de proveïdors, analitzant les condicions tècniques i els paràmetres habituals.","ems.subject_0655"
"ems.outcome_0655_03RA","0655_03RA","RA3","Planifica la gestió de les relacions amb els proveïdors, aplicant-hi tècniques de negociació i comunicació.","ems.subject_0655"
"ems.outcome_0655_04RA","0655_04RA","RA4","Programa el seguiment documental i els controls del procés d'aprovisionament, aplicant els mecanismes previstos al programa i utilitzant aplicacions informàtiques.","ems.subject_0655"
"ems.outcome_0655_05RA","0655_05RA","RA5","Defineix les fases i operacions que s'han de fer dins de la cadena logística, i se n'assegura la traçabilitat i la qualitat en el seguiment de la mercaderia.","ems.subject_0655"
"ems.outcome_0656_01RA","0656_01RA","RA1","Determina els factors de la innovació empresarial i els relaciona amb l'activitat de creació d'empreses.","ems.subject_0656"
"ems.outcome_0656_02RA","0656_02RA","RA2","Selecciona una idea de negoci i analitza el mercat.","ems.subject_0656"
"ems.outcome_0656_03RA","0656_03RA","RA3","Determina l’organització interna de l’empresa, la forma jurídica i els recursos necessaris, analitzant les alternatives disponibles i els objectius marcats amb el projecte.","ems.subject_0656"
"ems.outcome_0656_04RA","0656_04RA","RA4","Comprova la viabilitat de l'empresa mitjançant diferents tipus d'anàlisis i verifica els diversos factors que hi poden influir.","ems.subject_0656"
"ems.outcome_0656_05RA","0656_05RA","RA5","Gestiona la documentació necessària per a la posada en marxa d’una empresa, analitzant els tràmits legals i les actuacions necessàries que comporten la realització del projecte empresarial.","ems.subject_0656"
"ems.outcome_0656_06RA","0656_06RA","RA6","Realitza la gestió de l'empresa-projecte als seus diversos departaments.","ems.subject_0656"
"ems.outcome_0657_01RA","0657_01RA","RA1","Identifica necessitats del sector productiu, relacionant-les amb projectes tipus que les puguin satisfer.","ems.subject_0657"
"ems.outcome_0657_02RA","0657_02RA","RA2","Dissenya projectes relacionats amb les competències expressades en el títol, incloent i desenvolupant les fases que el componen.","ems.subject_0657"
"ems.outcome_0657_03RA","0657_03RA","RA3","Planifica l’execució del projecte, determinant el pla d’intervenció i la documentació associada.","ems.subject_0657"
"ems.outcome_0657_04RA","0657_04RA","RA4","Defineix els procediments per al seguiment i el control en l'execució del projecte, justificant la selecció de variables i instruments emprats.","ems.subject_0657"
"ems.outcome_0661_01RA","0661_01RA","RA1","Caracteritza els fonaments i elements de relacions públiques, i els relaciona amb les diferents situacions empresarials.","ems.subject_0661"
"ems.outcome_0661_02RA","0661_02RA","RA2","Selecciona les tècniques de protocol empresarial aplicable, descrivint els diferents elements de disseny i organització, segons la naturalesa i el tipus d'acte, així com al públic al qual va dirigit.","ems.subject_0661"
"ems.outcome_0661_03RA","0661_03RA","RA3","Caracteritza el protocol institucional, analitzant els diferents sistemes d'organització i utilitzant les normes establertes.","ems.subject_0661"
"ems.outcome_0661_04RA","0661_04RA","RA4","Coordina activitats de suport a la comunicació i les relacions professionals, internes i externes, associant les tècniques emprades amb el tipus d'usuari.","ems.subject_0661"
"ems.outcome_0661_05RA","0661_05RA","RA5","Elabora les cartes de serveis o els compromisos de qualitat i garantia, ajustant-se als protocols establerts a l'empresa/organització.","ems.subject_0661"
"ems.outcome_0661_06RA","0661_06RA","RA6","Promou actituds correctes d'atenció al client/usuari, analitzant la importància de superar-ne les expectatives.","ems.subject_0661"
"ems.outcome_0662_01RA","0662_01RA","RA1","Optimitza l'ambient de treball i el compromís de l'equip amb els objectius de l'organització, aplicant tècniques de motivació a la gestió de treballs i la transmissió d'ordres i objectius, de manera sintètica, comprensible i pel mitjà més adequat.","ems.subject_0662"
"ems.outcome_0662_02RA","0662_02RA","RA2","Coordina les actuacions, pròpies i de la direcció o del grup de treball a qui presta suport, aplicant mètodes i tècniques de gestió del temps, convencionals i/o electrònics.","ems.subject_0662"
"ems.outcome_0662_03RA","0662_03RA","RA3","Planifica les tasques del lloc de direcció, adaptant-les a la situació, a l'interlocutor i als objectius del treball.","ems.subject_0662"
"ems.outcome_0662_04RA","0662_04RA","RA4","Organitza reunions i esdeveniments corporatius, aplicant tècniques de negociació, normes de protocol i complint els objectius proposats.","ems.subject_0662"
"ems.outcome_0662_05RA","0662_05RA","RA5","Organitza viatges i desplaçaments nacionals i internacionals, complint els objectius i els procediments establerts.","ems.subject_0662"
"ems.outcome_0663_01RA","0663_01RA","RA1","Gestiona les facetes administratives de projectes empresarials, administrant recursos mitjançant una aplicació específica de control.","ems.subject_0663"
"ems.outcome_0663_02RA","0663_02RA","RA2","Elabora documents, integrant textos, dades, imatges i gràfics a través de les aplicacions informàtiques adequades.","ems.subject_0663"
"ems.outcome_0663_03RA","0663_03RA","RA3","Elabora presentacions audiovisuals relacionades amb la gestió empresarial o de projectes, utilitzant una aplicació de tractament de vídeo digital.","ems.subject_0663"
"ems.outcome_0663_04RA","0663_04RA","RA4","Realitza tasques de gestió empresarial i de projectes, emprant eines de la Web 2.0.","ems.subject_0663"
"ems.outcome_0663_05RA","0663_05RA","RA5","Administra els documents mitjançant un sistema de gestió documental.","ems.subject_0663"
"ems.outcome_0664_01RA","0664_01RA","RA1","Identifica necessitats del sector productiu, relacionant-les amb projectes tipus que les puguin satisfer.","ems.subject_0664"
"ems.outcome_0664_02RA","0664_02RA","RA2","Dissenya projectes relacionats amb les competències expressades al títol, incloent i desenvolupant les fases que el componen.","ems.subject_0664"
"ems.outcome_0664_03RA","0664_03RA","RA3","Planifica l'execució del projecte, determinant el pla d'intervenció i la documentació associada.","ems.subject_0664"
"ems.outcome_0664_04RA","0664_04RA","RA4","Defineix els procediments per al seguiment i control en l'execució del projecte, justificant la selecció de variables i instruments emprats.","ems.subject_0664"
"ems.outcome_1664_01RA","1664_01RA","RA1","Estableix les diferències entre l'Economia Lineal (EL) i l'Economia Circular (EC), identificant els avantatges de la EC en relació amb el medi ambient i el desenvolupament sostenible.","ems.subject_1664"
"ems.outcome_1664_02RA","1664_02RA","RA2","Caracteritza els principals aspectes de la 4a Revolució Industrial indicant els canvis i els avantatges que es produeixen tant des del punt de vista dels clients com de les empreses.","ems.subject_1664"
"ems.outcome_1664_03RA","1664_03RA","RA3","Identifica l'estructura dels sistemes basats en cloud/núvol descrivint la seva tipologia i camp d'aplicació.","ems.subject_1664"
"ems.outcome_1664_04RA","1664_04RA","RA4","Compara els sistemes de producció/prestació de serveis digitalitzats amb els sistemes clàssics identificant les millores introduïdes.","ems.subject_1664"
"ems.outcome_1664_05RA","1664_05RA","RA5","Elabora un pla de transformació d'una empresa clàssica del sector en el qual s'emmarca el títol, basada en una EL, al concepte 4.0, determinant els canvis a introduir en les principals fases del sistema i indicant com afecta als recursos humans.","ems.subject_1664"
"ems.outcome_1665_01RA","1665_01RA","RA1","Analitza el concepte de digitalització i la seva repercussió en els sectors productius tenint en compte l'activitat de l'empresa i identificant entorns IT ( Information Technology: tecnologia de la informació) i OT ( Operation Technology: tecnologia d'operació) característics.","ems.subject_1665"
"ems.outcome_1665_02RA","1665_02RA","RA2","Caracteritza les tecnologies habilitadores digitals necessàries per a l'adequació/transformació de les empreses a entorns digitals descrivint les seves característiques i aplicacions.","ems.subject_1665"
"ems.outcome_1665_03RA","1665_03RA","RA3","Identifica sistemes basats en cloud/núvol i la seva influència en el desenvolupament dels sistemes digitals.","ems.subject_1665"
"ems.outcome_1665_04RA","1665_04RA","RA4","Identifica aplicacions de la IA (intel·ligència artificial) en entorns del sector on està emmarcat el títol descrivint les millores implícites en la seva implementació.","ems.subject_1665"
"ems.outcome_1665_05RA","1665_05RA","RA5","Avalua la importància de les dades, així com la seva protecció en una economia digital globalitzada, definint sistemes de seguretat i ciberseguretat tant a nivell d'equip/sistema, com a globals.","ems.subject_1665"
"ems.outcome_1665_06RA","1665_06RA","RA6","Desenvolupa un projecte de transformació digital d'una empresa d'un sector relacionat amb el títol, tenint en compte els canvis que s'han de produir en funció dels objectius de l'empresa","ems.subject_1665"
"ems.outcome_1708_01RA","1708_01RA","RA1","Identifica els aspectes ambientals, socials i de governança (ASG) relatius a la sostenibilitat tenint en compte el concepte de desenvolupament sostenible i els marcs internacionals que contribueixen a la seva consecució.","ems.subject_1708"
"ems.outcome_1708_02RA","1708_02RA","RA2","Caracteritza els reptes ambientals i socials als quals s'enfronta la societat, descrivint els impactes sobre les persones i els sectors productius i proposant accions per a minimitzar-los.","ems.subject_1708"
"ems.outcome_1708_03RA","1708_03RA","RA3","Estableix l'aplicació de criteris de sostenibilitat en l'acompliment professional i personal, identificant els elements necessaris. mp_AGA0_Assitència a la direcció_v20240606 51/66","ems.subject_1708"
"ems.outcome_1708_04RA","1708_04RA","RA4","Proposa productes i serveis responsables tenint en compte els principis de l’economia circular.","ems.subject_1708"
"ems.outcome_1708_05RA","1708_05RA","RA5","Realitza activitats sostenibles minimitzant l'impacte de les mateixes en el medi ambient.","ems.subject_1708"
"ems.outcome_1708_06RA","1708_06RA","RA6","Analitza un pla de sostenibilitat d'una empresa del sector, identificant els seus grups d'interès, els aspectes ASG materials i justificant accions per a la seva gestió i mesurament.","ems.subject_1708"
"ems.outcome_1709_01RA","1709_01RA","RA1","Distingeix les característiques del sector productiu i defineix els llocs de treball, relacionant-los amb les competències professionals expressades en el títol.","ems.subject_1709"
"ems.outcome_1709_02RA","1709_02RA","RA2","Assoleix les competències necessàries per a l'obtenció del títol de Tècnic Bàsic en Prevenció de Riscos Laborals.","ems.subject_1709"
"ems.outcome_1709_03RA","1709_03RA","RA3","Analitza les seves condicions laborals com a persona treballadora per compte d'altri, identificant-les en els principals tipus de canvis i vicissituds rellevants que es poden presentar en la relació laboral, en la normativa laboral i, especialment, en el conveni col·lectiu del sector. Criteris avaluació 3.1.Analitza els drets i obligacions derivats de la relació laboral, així com les condicions de treball pactades en un conveni col·lectiu aplicable al sector professional relacionat amb el títol. 3.2.Compara les principals modalitats de contractació, localitzant els diferents models en les fonts oficials. 3.3.Identifica les característiques definitòries dels nous entorns d'organització del treball i els drets que comporta. 3.4.Identifica els diferents components del rebut de salari. 3.5.Identifica els recursos laborals existents davant les diferents vicissituds que es poden donar en la relació laboral. 3.6.Valora el paper de la Seguretat Social com a pilar essencial per a la millora de la qualitat de vida dels ciutadans. 3.7.Analitza les principals prestacions derivades de la suspensió i extinció de la relació laboral.","ems.subject_1709"
"ems.outcome_1709_04RA","1709_04RA","RA4","Analitza i avalua el seu potencial professional i els seus interessos per a guiar-se en el procés d'autoorientació i elabora un full de ruta per a la inserció professional partint de l'anàlisi de les competències, interessos i destreses personals.","ems.subject_1709"
"ems.outcome_1709_05RA","1709_05RA","RA5","Aplica les estratègies per a l'aprenentatge autònom reconeixent el seu valor professionalitzador, dissenyant i optimitzant el seu propi entorn d'aprenentatge fent ús de les tecnologies digitals com a eines d'aprenentatge autònom, sent coherent amb la seva identitat digital i els seus objectius professionals plantejats en el seu pla de desenvolupament individual.","ems.subject_1709"
"ems.outcome_1710_01RA","1710_01RA","RA1","Planifica i posa en marxa estratègies en els diferents processos selectius d'ocupació que li permeten millorar les seves possibilitats d'inserció laboral.","ems.subject_1710"
"ems.outcome_1710_02RA","1710_02RA","RA2","Aplica estratègies relacionades amb les competències personals, socials i emocionals per al desenvolupament de la seva iniciativa emprenedora i la millora de la seva ocupabilitat.","ems.subject_1710"
"ems.outcome_1710_03RA","1710_03RA","RA3","Posa en pràctica les habilitats emprenedores necessàries per al desenvolupament de processos d’innovació i recerca aplicades que promouen la modernització del sector productiu cap a un model sostenible.","ems.subject_1710"
"ems.outcome_1710_04RA","1710_04RA","RA4","Identifica, defineix i valida idees d’emprenedoria generadores de noves oportunitats a partir d’estratègies d’anàlisi de l’entorn socioproductiu utilitzant metodologies àgils per l’emprenedoria.","ems.subject_1710"
"ems.outcome_1710_05RA","1710_05RA","RA5","Desenvolupa un projecte emprenedor d’innovació social i/o tecnològica aplicada en col·laboració amb l’entorn.","ems.subject_1710"
"ems.outcome_1713_01RA","1713_01RA","RA1","Caracteritza les empreses del sector atenent la seva organització i el tipus de producte o servei que ofereixen.","ems.subject_1713"
"ems.outcome_1713_02RA","1713_02RA","RA2","Planteja solucions a les necessitats del sector tenint en compte la seva viabilitat, els costos associats i elaborant un petit projecte.","ems.subject_1713"
"ems.outcome_1713_03RA","1713_03RA","RA3","Planifica l'execució de les activitats proposades a la solució plantejada, determinant el pla d'intervenció i elaborant la documentació corresponent.","ems.subject_1713"
"ems.outcome_1713_04RA","1713_04RA","RA4","Realitza el seguiment de l'execució de les activitats plantejades, verificant que es compleix amb la planificació.","ems.subject_1713"
"ems.outcome_1713_05RA","1713_05RA","RA5","Transmet informació amb claredat, de manera ordenada i estructurada.","ems.subject_1713"
"ems.outcome_3001_01RA","3001_01RA","RA1","Prepara els equips i materials necessaris per al seu treball i reconeix les seves principals funcions i aplicacions i les seves necessitats de manteniment.","ems.subject_3001"
"ems.outcome_3001_02RA","3001_02RA","RA2","Enregistra informàticament dades, textos i altres documents i valora la rapidesa i exactitud del procés.","ems.subject_3001"
"ems.outcome_3001_03RA","3001_03RA","RA3","Tracta textos i dades informàticament i selecciona les aplicacions informàtiques en funció de la tasca.","ems.subject_3001"
"ems.outcome_3001_04RA","3001_04RA","RA4","Tramita documentació mitjançant el seu arxivament, la seva impressió i la seva transmissió i relaciona el tipus de document amb la seva ubicació.","ems.subject_3001"
"ems.outcome_3002_01RA","3002_01RA","RA1","Tramita informació en línia aplicant eines d’Internet, intranet i altres xarxes.","ems.subject_3002"
"ems.outcome_3002_02RA","3002_02RA","RA2","Realitza comunicacions internes i externes mitjançant les utilitats de correu electrònic seguint les pautes marcades.","ems.subject_3002"
"ems.outcome_3002_03RA","3002_03RA","RA3","Elabora documents utilitzant les aplicacions bàsiques de fulls de càlcul.","ems.subject_3002"
"ems.outcome_3002_04RA","3002_04RA","RA4","Elabora presentacions gràfiques utilitzant aplicacions informàtiques.","ems.subject_3002"
"ems.outcome_3003_01RA","3003_01RA","RA1","Classifica les tasques administratives d’una empresa identificant-ne les àrees funcionals.","ems.subject_3003_sa"
"ems.outcome_3003_02RA","3003_02RA","RA2","Tramita correspondència i paqueteria i identifica les fases del procés.","ems.subject_3003_sa"
"ems.outcome_3003_03RA","3003_03RA","RA3","Controla el magatzem de material d’oficina relacionant el nivell d’existències amb l’assegurament de la continuïtat dels serveis.","ems.subject_3003_sa"
"ems.outcome_3003_04RA","3003_04RA","RA4","Fa operacions bàsiques de tresoreria i identifica els diferents documents utilitzats.","ems.subject_3003_sa"
"ems.outcome_3004_01RA","3004_01RA","RA1","Duu a terme tasques de reprografia de documents i valora la qualitat del resultat obtingut.","ems.subject_3004_sa"
"ems.outcome_3004_02RA","3004_02RA","RA2","Arxiva documents convencionals utilitzats en les operacions comercials i administratives i relaciona el tipus de document amb la seva ubicació o destinació.","ems.subject_3004_sa"
"ems.outcome_3004_03RA","3004_03RA","RA3","Es comunica telefònicament, en l’àmbit professional, distingint l’origen i la destinació de trucades i missatges.","ems.subject_3004_sa"
"ems.outcome_3004_04RA","3004_04RA","RA4","Rep persones externes a l’organització i reconeix i aplica normes de protocol.","ems.subject_3004_sa"
"ems.outcome_3005_01RA","3005_01RA","RA1","Atén a possibles clients i reconeix les diferents tècniques de comunicació.","ems.subject_3005"
"ems.outcome_3005_02RA","3005_02RA","RA2","Comunica al possible client les diferents possibilitats del servei i les justifica des del punt de vista tècnic.","ems.subject_3005"
"ems.outcome_3005_03RA","3005_03RA","RA3","Informa al probable client del servei prestat i justifica les operacions executades.","ems.subject_3005"
"ems.outcome_3005_04RA","3005_04RA","RA4","Atén reclamacions de possibles clients i reconeix el protocol d’actuació.","ems.subject_3005"
"ems.outcome_3006_01RA","3006_01RA","RA1","Assessora sobre les característiques dels productes sol·licitats i selecciona les mercaderies requerides d’acord amb les instruccions establertes.","ems.subject_3006"
"ems.outcome_3006_02RA","3006_02RA","RA2","Conforma comandes d’acord amb els requeriments de possibles clients, aplicant tècniques d’amidament i pesada mitjançant eines manuals i terminals específics.","ems.subject_3006"
"ems.outcome_3006_03RA","3006_03RA","RA3","Prepara comandes per a la seva expedició aplicant procediments manuals i automàtics d’embalatge i etiquetatge mitjançant equips específics.","ems.subject_3006"
"ems.outcome_3006_04RA","3006_04RA","RA4","Fa el seguiment del servei postvenda, identifica les situacions possibles i aplica els protocols corresponents.","ems.subject_3006"
"ems.outcome_3159_01RA","3159_01RA","RA1","Desenvolupa activitats d’autoconeixement que li permeten orientar-se a camps professionals motivadors en els quals pot desplegar totes les seves capacitats.","ems.subject_3159"
"ems.outcome_3159_02RA","3159_02RA","RA2","Desenvolupa habilitats socials concretes que s’han demostrat com a fonamentals a l’hora de trobar feina.","ems.subject_3159"
"ems.outcome_3159_03RA","3159_03RA","RA3","Accedeix a la informació dels possibles itineraris acadèmics i/o professionals que té al seu abast a través de la investigació i la reflexió lliure d'estereotips vocacionals.","ems.subject_3159"
"ems.outcome_3159_04RA","3159_04RA","RA4","Posa en marxa un itinerari propi analitzant les diferents opcions educatives i professionals, valorant els avantatges i inconvenients de cadascuna d’elles i examinat aquelles que millor s’ajusten a les seves possibilitats i preferències.","ems.subject_3159"
"ems.outcome_3159_05RA","3159_05RA","RA5","Coneix les estratègies d'accés al mercat de treball per compte d'altri i utilitza les eines necessàries per al procés d’inserció laboral.","ems.subject_3159"
"ems.outcome_3159_06RA","3159_06RA","RA6","Assoleix les competències necessàries per a l’exercici de les funcions de nivell bàsic en Prevenció de Riscos Laborals.","ems.subject_3159"
"ems.outcome_3160_01RA","3160_01RA","RA1","Busca informació a internet sobre empreses “tipus” del sector/s relacionats amb els estàndards (unitats) de competència inclosos en l'àmbit professional del títol, elaborant-ne un mapa i els serveis o productes que ofereixen.","ems.subject_3160"
"ems.outcome_3160_02RA","3160_02RA","RA2","Selecciona un servei o producte d'una empresa del sector relacionant-lo amb la contribució als ODS i als destinataris a nivell global.","ems.subject_3160"
"ems.outcome_3160_03RA","3160_03RA","RA3","Fa una proposta d'una empresa tipus “spin off” indicant-ne els aspectes diferencials amb l'empresa de referència i elaborant un dossier amb les seves característiques.","ems.subject_3160"
"ems.outcome_3160_04RA","3160_04RA","RA4","Relaciona cada unitat d’una empresa tipus amb la prevenció de riscos professionals identificant els equips/sistemes de protecció generals i els propis de cada activitat.","ems.subject_3160"
"ems.outcome_3160_05RA","3160_05RA","RA5","Transmet informació amb claredat de manera ordenada i estructurada.","ems.subject_3160"
"ems.outcome_C076_01RA","C076_01RA","RA1","Reconeix informació professional i quotidiana del sector professional continguda en tot tipus de discursos orals emesos per qualsevol mitjà de comunicació en llengua estàndard, interpretant-ne amb precisió el contingut del missatge.","ems.subject_C076"
"ems.outcome_C076_02RA","C076_02RA","RA2","Interpreta informació professional del sector professional continguda en textos escrits complexos, analitzant-ne de forma comprensiva els continguts.","ems.subject_C076"
"ems.outcome_C076_03RA","C076_03RA","RA3","Emet missatges orals clars i ben estructurats, habituals en el sector professional, analitzant-ne el contingut de la situació i adaptant-se al registre lingüístic dels interlocutors.","ems.subject_C076"
"ems.outcome_C076_04RA","C076_04RA","RA4","Elabora documents i informes propis de l'àmbit professional o de la vida quotidiana, utilitzant els registres adequats a cada situació.","ems.subject_C076"
"ems.outcome_3003_pfi_01RA","3003_01RA","RA1","Classifica les tasques administratives d’una empresa identificant-ne les àrees funcionals.","ems.subject_3003_pfi"
"ems.outcome_3003_pfi_02RA","3003_02RA","RA2","Identifica la documentació administrativa i efectua operacions bàsiques de tresoreria.","ems.subject_3003_pfi"
"ems.outcome_3003_pfi_03RA","3003_03RA","RA3","Aplica tècniques bàsiques de tramitació de correspondència i paqueteria, tot identificant les fases del procés.","ems.subject_3003_pfi"
"ems.outcome_3003_pfi_04RA","3003_04RA","RA4","Controla el magatzem del material d’oficina relacionant el nivell d’existències amb l’assegurament de la continuïtat dels serveis.","ems.subject_3003_pfi"
"ems.outcome_3004_pfi_01RA","3004_01RA","RA1","Realitza tasques bàsiques de reprografia de documents valorant la qualitat del resultat obtingut.","ems.subject_3004_pfi"
"ems.outcome_3004_pfi_02RA","3004_02RA","RA2","Arxiva documents convencionals i digitals utilitzats en les operacions comercials i administratives relacionant el tipus de document/arxiu amb la seva ubicació o destinació.","ems.subject_3004_pfi"
"ems.outcome_3004_pfi_03RA","3004_03RA","RA3","Es comunica telefònica i telemàticament, en l’àmbit professional, distingint l’origen i la destinació de trucades i missatges.","ems.subject_3004_pfi"
"ems.outcome_3004_pfi_04RA","3004_04RA","RA4","Atén a persones externes a l’organització reconeixent i aplicant les normes de protocol.","ems.subject_3004_pfi"
