"id","sequence","name","request_unit","requires_allocation","leave_validation_type","support_document","time_type","employee_requests","create_calendar_meeting","ems_counts_hours","ems_counts_health_allowance","ems_full_day_default","ems_needs_atri"
"ems.leave_type_sick_leave","10","Sick leave","hour","no","manager","1","leave","no","1","0","0","0","0"
"ems.leave_type_health","20","Health: I was absent from my workplace for health reasons, a circumstance I reported immediately to the centre's director","hour","no","manager","0","leave","no","1","1","1","1","0"
"ems.leave_type_medical_appointment","30","Medical appointment: it was not possible for me to arrange the medical appointment outside my working hours. (Supporting document attached)","hour","no","manager","1","leave","no","1","1","0","0","0"
"ems.leave_type_invasive_test","40","Invasive medical test: I was absent from my workplace for the whole day because I underwent an invasive medical test (includes colonoscopy, endoscopy, gastroscopy and catheterisation). (Supporting document attached)","hour","no","manager","1","leave","no","1","1","0","1","0"
"ems.leave_type_menstrual_flexibility","50","Menstrual or climacteric flexibility: recoverable flexible-hours leave for menstruation or climacteric affecting health (maximum 8 hours during the current month, recoverable in minimum fractions of 30 minutes over the following 4 months).","hour","no","manager","0","leave","no","1","1","0","0","0"
"ems.leave_type_training","60","Training: courses, Erasmus, ...","hour","no","manager","0","other","no","1","1","0","0","0"
"ems.leave_type_justified","70","Justified absence","hour","no","manager","0","leave","no","1","1","0","0","0"
"ems.leave_type_service_assignment","80","Service assignment: field trips, travel, ...","hour","no","manager","0","other","no","1","1","0","0","0"
"ems.leave_type_atri","90","ATRI: request managed through the ATRI portal","hour","no","manager","0","leave","no","1","1","0","0","1"
